{
  "userDetails": [
    {
      "name": "Teja",
      "password": "111"
    },
    {
      "name": "Venkat",
      "password": "123"
    }
  ],
  "productinfo": [
    {
      "brand": "Oneplusone",
      "price": 15000,
      "img": "https://static.toiimg.com/photo/73078527.cms",
      "productdetails": {
        "id": 1,
        "brand": "Oneplusone",
        "price": 15000,
        "ram": "4GB",
        "memory": "128GB",
        "processor": "Qualcum Snapdragon",
        "camera": "64MP",
        "blutoothsupport": "YES",
        "os": "Android 10",
        "otgsupport": "YES"
      }
    },
    {
      "brand": "Panasonic",
      "price": 9000,
      "img": "https://4.imimg.com/data4/BB/RH/MY-15241145/multimedia-mobile-phone-500x500.jpg",
      "productdetails": {
        "id": 2,
        "brand": "Panasonic",
        "price": 9000,
        "ram": "3GB",
        "memory": "64GB",
        "processor": "GPA",
        "camera": "32MP",
        "blutoothsupport": "NO",
        "os": "Android 8",
        "otgsupport": "NO"
      }
    },
    {
      "brand": "Nokia",
      "price": 3000,
      "img": "https://i.guim.co.uk/img/media/30ae6f657de5843fa3dfc463c8ecd317855d905e/307_121_1386_831/master/1386.jpg?width=1200&height=630&quality=85&auto=format&fit=crop&overlay-align=bottom%2Cleft&overlay-width=100p&overlay-base64=L2ltZy9zdGF0aWMvb3ZlcmxheXMvdGctZGVmYXVsdC5wbmc&s=0f42158d5c4e91d680aeef1ba98e10b3",
      "productdetails": {
        "id": 3,
        "brand": "Nokia",
        "price": 3000,
        "ram": "2GB",
        "memory": "32GB",
        "processor": "Qualcum",
        "camera": "32MP",
        "blutoothsupport": "NO",
        "os": "Android 9",
        "otgsupport": "NO"
      }
    },
    {
      "brand": "Samsung",
      "price": 18000,
      "img": "https://i.pcmag.com/imagery/reviews/03xdTO0Ka4H4KvEgtSPg4c2-12.1569479325.fit_lpad.size_625x365.jpg",
      "productdetails": {
        "id": 4,
        "brand": "Samsung",
        "price": 18000,
        "ram": "4GB",
        "memory": "64GB",
        "processor": "Qualcum",
        "camera": "64MP",
        "blutoothsupport": "YES",
        "os": "Android 11",
        "otgsupport": "YES"
      }
    },
    {
      "brand": "Motorola",
      "price": 10000,
      "img": "https://4.imimg.com/data4/BB/RH/MY-15241145/multimedia-mobile-phone-500x500.jpg",
      "productdetails": {
        "id": 5,
        "Brand": "Motorola",
        "Price": 10000,
        "RAM": "4GB",
        "Memory": "64GB",
        "Processor": "Qualcum",
        "Camera": "48MP",
        "blutoothsupport": "YES",
        "OS": "Android 9",
        "otgsupport": "NO"
      }
    },
    {
      "brand": "Lenovo",
      "price": 8000,
      "img": "https://4.imimg.com/data4/BB/RH/MY-15241145/multimedia-mobile-phone-500x500.jpg",
      "productdetails": {
        "id": 5,
        "Brand": "Lenovo",
        "Price": 8000,
        "RAM": "2GB",
        "Memory": "64GB",
        "Processor": "Qualcum",
        "Camera": "48MP",
        "blutoothsupport": "YES",
        "OS": "Android 8",
        "otgsupport": "NO"
      }
    },
    {
      "brand": "Asus",
      "price": 12000,
      "img": "https://static.toiimg.com/photo/73078527.cms",
      "productdetails": {
        "id": 5,
        "Brand": "Asus",
        "Price": 12000,
        "RAM": "4GB",
        "Memory": "64GB",
        "Processor": "Qualcum",
        "Camera": "48MP",
        "blutoothsupport": "YES",
        "OS": "Android 9",
        "otgsupport": "YES"
      }
    },
    {
      "brand": "Zenfone",
      "price": 15000,
      "img": "https://static.toiimg.com/photo/73078527.cms",
      "productdetails": {
        "id": 5,
        "Brand": "Zenfone",
        "Price": 15000,
        "RAM": "4GB",
        "Memory": "64GB",
        "Processor": "Qualcum",
        "Camera": "48MP",
        "blutoothsupport": "YES",
        "OS": "Android 9",
        "otgsupport": "NO"
      }
    },
    {
      "brand": "Give5",
      "price": 4000,
      "img": "https://4.imimg.com/data4/BB/RH/MY-15241145/multimedia-mobile-phone-500x500.jpg",
      "productdetails": {
        "id": 5,
        "Brand": "Give5",
        "Price": 4000,
        "RAM": "4GB",
        "Memory": "64GB",
        "Processor": "Qualcum",
        "Camera": "48MP",
        "blutoothsupport": "YES",
        "OS": "Android 9",
        "otgsupport": "NO"
      }
    },
    {
      "brand": "Samsung galaxy5",
      "price": 12000,
      "img": "https://www.lg.com/us/images/cell-phones/md07513841/350.jpg",
      "productdetails": {
        "id": 5,
        "Brand": "Samsung galaxy5",
        "Price": 12000,
        "RAM": "4GB",
        "Memory": "64GB",
        "Processor": "Qualcum",
        "Camera": "48MP",
        "blutoothsupport": "YES",
        "OS": "Android 9",
        "otgsupport": "NO"
      }
    },
    {
      "brand": "Poco m2 max",
      "price": 10000,
      "img": "https://4.imimg.com/data4/BB/RH/MY-15241145/multimedia-mobile-phone-500x500.jpg",
      "productdetails": {
        "id": 5,
        "Brand": "Poco m2 max",
        "Price": 10000,
        "RAM": "4GB",
        "Memory": "64GB",
        "Processor": "Qualcum",
        "Camera": "48MP",
        "blutoothsupport": "YES",
        "OS": "Android 9",
        "otgsupport": "YES"
      }
    },
    {
      "brand": "Samsung lite",
      "price": 11000,
      "img": "https://static.toiimg.com/photo/73078527.cms",
      "productdetails": {
        "id": 5,
        "Brand": "Samsung lite",
        "Price": 11000,
        "RAM": "4GB",
        "Memory": "64GB",
        "Processor": "Qualcum",
        "Camera": "48MP",
        "blutoothsupport": "YES",
        "OS": "Android 9",
        "otgsupport": "NO"
      }
    },
    {
      "brand": "Apple 6s",
      "price": 30000,
      "img": "https://4.imimg.com/data4/BB/RH/MY-15241145/multimedia-mobile-phone-500x500.jpg",
      "productdetails": {
        "id": 5,
        "Brand": "Apple 6s",
        "Price": 30000,
        "RAM": "4GB",
        "Memory": "64GB",
        "Processor": "Qualcum",
        "Camera": "48MP",
        "blutoothsupport": "YES",
        "OS": "Apple",
        "otgsupport": "NO"
      }
    },
    {
      "brand": "Apple x2",
      "price": 100000,
      "img": "https://static.toiimg.com/photo/73078527.cms",
      "productdetails": {
        "id": 5,
        "Brand": "Apple x2",
        "Price": 10000,
        "RAM": "4GB",
        "Memory": "64GB",
        "Processor": "Qualcum",
        "Camera": "48MP",
        "blutoothsupport": "YES",
        "OS": "Android 9",
        "otgsupport": "YES"
      }
    }
  ],
  "addToCart": [
    {
      "brand": "Oneplusone",
      "price": 15000,
      "img": "https://static.toiimg.com/photo/73078527.cms",
      "productdetails": {
        "id": 1,
        "brand": "Oneplusone",
        "price": 15000,
        "ram": "4GB",
        "memory": "128GB",
        "processor": "Qualcum Snapdragon",
        "camera": "64MP",
        "blutoothsupport": "YES",
        "os": "Android 10",
        "otgsupport": "YES"
      },
      "id": 44
    },
    {
      "brand": "Samsung",
      "price": 18000,
      "img": "https://i.pcmag.com/imagery/reviews/03xdTO0Ka4H4KvEgtSPg4c2-12.1569479325.fit_lpad.size_625x365.jpg",
      "productdetails": {
        "id": 4,
        "brand": "Samsung",
        "price": 18000,
        "ram": "4GB",
        "memory": "64GB",
        "processor": "Qualcum",
        "camera": "64MP",
        "blutoothsupport": "YES",
        "os": "Android 11",
        "otgsupport": "YES"
      },
      "id": 436
    }
  ],
  "userData": []
}